What concept does Bento C. Leel propose should be introduced into the negotiation process to improve effectiveness?,Empathy
What is the primary focus of cultivating an effective communication mindset?,Developing an internal desire to empathetically listen to the other side.
"According to the text, what is the first of the four essential abilities for effective communication?",Changing your mindset.
"When changing your mindset for communication, how must you view yourself?",As worthy of empathy and understanding.
"To integrate empathy into a conversation, how should you view the other person's worthiness?",As equally worthy of empathy and understanding as yourself.
What is the goal of seeking to understand the other person’s point of view in the mindset phase?,To establish an empathetic foundation for the communication.
What is the second essential ability for effective communication described by Leel?,Empathetic listening.
Empathetic listening generally begins with providing the other person with _____.,Undivided attention
"In order to provide undivided attention, what internal process must a listener undergo?",Clearing the mind of internal thoughts.
What is a common mental distraction that inhibits the ability to effectively listen?,Thinking about how to respond while the other person is still speaking.
How does listening solely to prepare a response affect the nature of the communication?,It makes the communication less personal and less empathetic.
"What does the text identify as the result of a ""back and forth"" interaction using empathetic skills?",The dialogue of the conversation.
"What does it mean to ""recycle through the process"" in empathetic dialogue?",Continuously applying empathetic listening and the XYZ speaking format as the conversation evolves.
List the four essential keys in order.,"1. Mindset, 2. Empathetic Listening, 3. Empathetic Speaking, 4. Empathetic Dialogue."
Give an example of a simple verbal acknowledgement used in empathetic listening.,"""I see,"" ""Okay,"" or ""I understand."""
"According to Leel, empathy should be integrated into any _____.",Conversation
How should a communicator handle information that strikes them in a certain way according to the XYZ model?,They should include it in the 'Y' (Impression) portion of their statement.
"When a communicator acknowledges what they've heard, they are performing the _____ portion of the XYZ statement.",X (Situation)
How does using the XYZ approach influence the other party in a conversation?,It triggers reciprocation from the other person.
What is the final outcome of the back-and-forth dialogue using these keys?,Fostering a relationship with the other party.
What is the consequence of failing to clear one's mind during a conversation?,It inhibits the ability to effectively listen and reduces empathy.
What is the ultimate purpose of mastering these four key abilities?,To foster and build a relationship with the other party.
"In the context of empathetic speaking, why is ""sorting out feelings"" important?",It prevents impulsive speaking and ensures the response is clear and respectful.
Why is the order of the XYZ statement important?,It moves from objective perception (X) to subjective impression (Y) to personal feeling (Z).
"In the mindset phase, what is the 'internal desire' one must cultivate?",The desire to empathetically listen to the other side.
What does the text suggest is the outcome of using the XYZ approach on the speaker's clarity?,It allows the communicator to be clear and respectful.
"What does it mean to ""seek to understand"" in the context of the first key?",Viewing the other person's point of view as worthy of your empathy.
"What does the listener do with the ""added information"" during dialogue?",They factor it in and organize it mentally before responding.
What is the role of body language in the empathetic listening process?,It is a key focus area that helps the listener fully understand the other person's message.
What does a communicator do after organizing the other person's added information mentally?,They respond appropriately using the XYZ format.
What is the primary goal of empathetic dialogue?,To keep the conversation going through a back-and-forth process.
What is the relationship between clear organization and respectful expression in the speaking phase?,Being clear and organized enables a person to be respectful when expressing themselves.
"In an XYZ statement, what does the 'X' represent?",Explaining the situation or issue as you perceived it.
Which part of the XYZ statement addresses the emotional impact of the situation?,Z (How it made you feel).
What is the first task within the ability of 'Changing your Mindset'?,Viewing yourself as worthy of empathy and understanding.
How does the author describe the 'XYZ' approach?,As a method for empathetic speaking and expressing oneself.
What phrase does the text use to describe the importance of recognizing the other person's perspective?,Seeking to understand them or their point of view.
"Once the mind is cleared, what two things should a listener focus on to improve understanding?",The words being said and the speaker's body language.
"In an XYZ statement, what does the 'Y' represent?",Giving your impression of the situation.
"According to the author, what makes a communication less empathetic and more of a blockade?",The failure to listen effectively because one is too busy thinking of a response.
What is the purpose of stating your understanding of a situation back to the speaker?,To provide a reference or acknowledgement that you are actively listening.
What is the benefit of being clear and organized before speaking?,It allows for clear and respectful communication back to the other person.
What should a listener avoid doing when asking questions during a conversation?,Changing the subject.
"In the dialogue phase, what must you factor in when organizing your next response?",The new information the other person has added to the situation.
Term: The Gap,Definition: The moment of silence used to sort feelings and organize thoughts before speaking.
"In the context of Key 2, what does 'I see' represent?",A reference or acknowledgement of listening.
Which key focuses on the internal preparation before the actual communication begins?,Changing your mindset.
"What is described as a ""blockade"" to establishing a desired relationship in a conversation?",A lack of empathy caused by focusing on one's own response while listening.
How does one ensure they are listening empathetically during a dialogue?,"By recycling through the process of clearing the mind, listening to words, and watching body movement."
"According to the text, effective communication is a tool for building _____.",Relationships
What happens to the level of empathy when a listener focuses on their own internal thoughts?,"Empathy decreases, inhibiting effective communication."
"In an XYZ statement, what does the 'Z' represent?",How the situation or understanding made you feel.
"What specific mental action is required to avoid ""listening to respond""?",Clearing the mind of thoughts.
"What should a communicator sort out during the ""gap"" before they begin speaking?",Their feelings about the situation and the information received.
The ability to organize thoughts mentally for a response is a component of which key?,Empathetic speaking.
The author proposes the _____ approach for clear and respectful communication.,XYZ
What is the third essential ability for effective communication?,Empathetic speaking.
How does one ensure they are not changing the subject during a speaker's explanation?,By asking questions that specifically allow furtherance of the current explanation.
Why do people often rush to speak instead of organizing their thoughts first?,"They are worried about the ""gap"" or silence in the conversation."
What is the prerequisite for 'Empathetic Dialogue' to occur?,"Completing the processes of mindset, listening, and speaking to trigger reciprocation."
Why is giving undivided attention considered the beginning of empathetic listening?,It allows the listener to focus entirely on the speaker's words and body language without distraction.
The XYZ statement follows the sequence: Perception of Situation -> Impression -> _____.,Feelings
What is the core action involved in empathetic speaking?,Organizing your thoughts before responding.
"In the XYZ model, which letter deals with the communicator's belief about the scenario's characteristics?",Y (Impression).
How does restating information back to the speaker facilitate empathy?,It demonstrates that you have truly heard and understood their perspective.
What specific details are included in the 'Y' (Impression) part of an XYZ statement?,"What you believe is right or wrong, or the characteristics of the scenario."
True or False: The four abilities are intended to be a one-time linear process.,False (they are part of a recycling process in dialogue).
What is the functional goal of the 'X' portion of an XYZ statement?,Acknowledging and restating what was heard back to the other person.
What is the result of using a clear and respectful manner in the XYZ format?,It fosters the relationship and triggers reciprocation from the other party.
Which task involves viewing the other person as 'equally worthy'?,Changing your mindset.
Concept: Reciprocation in Dialogue,Definition: The tendency of the other person to respond in kind to clear and respectful communication.
The XYZ statement is a tool primarily for which of the four abilities?,Empathetic speaking.
True or False: Empathetic speaking involves immediately sharing every thought as it occurs.,False (it requires organizing thoughts and sorting feelings first).
Which specific non-verbal cue is explicitly mentioned as a focus for empathetic listeners?,Body movement or body language.
"What is the specific 'X' action in the statement: ""So you're saying that this is the case""?",Restating the situation as perceived (acknowledgement).
What does the text imply is the relationship between empathy and personal communication?,Higher empathy makes communication more personal in nature.
What is the purpose of the 'XYZ statement' as a whole?,To organize thoughts so one can communicate information back clearly and respectfully.
"In the context of dialogue, what is the listener ""recycling""?","The process of listening, factoring in information, and responding using the XYZ format."
What type of questions should be interjected during empathetic listening?,Questions that allow furtherance of the speaker's explanation.
What is the fourth and final essential ability for effective communication?,Empathetic dialogue.